<?xml version="1.0" encoding="UTF-8"?>

<!DOCTYPE panel PUBLIC '-//Thinlets 1.0//EN' 'https://thinlet.dev.java.net/thinlet.dtd'>

<panel columns="1" top="5" left="5" bottom="5" right="5" gap="5">
	<panel gap="5" weightx="1">
		<label weightx="0" text="Current Exchange Rate for:" alignment="right"/>
		<combobox weightx="1" name="currency" editable="false" text="[ choose currency ]">
			<choice text="USD"/>
			<choice text="CZK"/>
			<choice text="GBP"/>
			<choice text="RUB"/>
		</combobox>
	</panel>
	<panel gap="5" halign="center" weighty="50" valign="center">
		<label text="1€ ="/>
		<label text="[unknown]" name="exchangeRate"/>
		<label name="currencyCode" text="USD"/>
	</panel>
	<panel>
		<button text="Refresh" action="loadExchangeRates(currency.text)" weightx="1"/>
		<button text="?" action="showAboutBox" />
	</panel>
</panel>

