<?xml version="1.0" encoding="UTF-8"?>

<!DOCTYPE dialog PUBLIC '-//Thinlets 1.0//EN' 'https://thinlet.dev.java.net/thinlet.dtd'>

<dialog text="History" top="5" left="5" bottom="5" right="5" gap="5" resizable="true" >
	<table weightx="1">
		<header>
			<column text="date"/>
			<column text="rate"/>
		</header>		
		
		<row>
			<cell text="23"/><cell text="23.5"/>
			<cell text="23"/><cell text="23.5"/>			
		</row>

		<row>
			<cell text="23"/><cell text="23.5"/>
			<cell text="23"/><cell text="23.5"/>			
		</row>
		
						<row>
			<cell text="23"/><cell text="23.5"/>
			<cell text="23"/><cell text="23.5"/>			
		</row>
	</table>
</dialog>

